{
  "zoomLevel": 9,
  "weatherType": "TMP2M",
  "centerLatitude": 48.87013489622034,
  "centerLongitude": 14.9359130859375
}