{
  "zoomLevel": 4,
  "weatherType": "TMP2M",
  "centerLatitude": 49.95121990866204,
  "centerLongitude": 8.96484375
}