{
  "zoomLevel": 6,
  "weatherType": "Tmp2m",
  "centerLatitude": 35.79999392988527,
  "centerLongitude": 5.6689453125
}