{
  "zoomLevel": 3,
  "weatherType": "TMP2M",
  "centerLatitude": 31.50362930577303,
  "centerLongitude": 25.6640625
}