{
  "zoomLevel": 3,
  "weatherType": "Tmp2m",
  "centerLatitude": 49.95121990866204,
  "centerLongitude": 8.96484375
}