{
  "zoomLevel": 2,
  "weatherType": "Precip",
  "centerLatitude": -7.710991655433217,
  "centerLongitude": 16.171875
  "centerLatitude": 46.31658418182218,
  "centerLongitude": 24.609375
}