{
  "zoomLevel": 3,
  "weatherType": "Tmp2m",
  "centerLatitude": 49.61070993807422,
  "centerLongitude": 48.515625
}