{
  "zoomLevel": 3,
  "weatherType": "TMP2M",
  "centerLatitude": 31.80289258670676,
  "centerLongitude": 25.6640625
}