{
  "zoomLevel": 3,
  "weatherType": "TMP2M",
  "centerLatitude": 30.90222470517144,
  "centerLongitude": 34.98046875
}