{
  "zoomLevel": 9,
  "weatherType": "TMP2M",
  "centerLatitude": 37.996162679728116,
  "centerLongitude": -82.880859375
}