{
  "zoomLevel": 2,
  "weatherType": "Tmp2m",
  "centerLatitude": 23.563987128451217,
  "centerLongitude": 51.6796875
}