{
  "zoomLevel": 3,
  "weatherType": "Tmp2m",
  "centerLatitude": 53.4357192066942,
  "centerLongitude": 20.390625
}