{
  "zoomLevel": 4,
  "weatherType": "TMP2M",
  "centerLatitude": 24.766784522874453,
  "centerLongitude": 110.56640625
}